-- MySQL dump 10.13  Distrib 5.5.24, for Win64 (x86)
--
-- Host: localhost    Database: alert-actordb
-- ------------------------------------------------------
-- Server version	5.5.24

/*!40101 SET @OLD_CHARACTER_SET_CLIENT=@@CHARACTER_SET_CLIENT */;
/*!40101 SET @OLD_CHARACTER_SET_RESULTS=@@CHARACTER_SET_RESULTS */;
/*!40101 SET @OLD_COLLATION_CONNECTION=@@COLLATION_CONNECTION */;
/*!40101 SET NAMES utf8 */;
/*!40103 SET @OLD_TIME_ZONE=@@TIME_ZONE */;
/*!40103 SET TIME_ZONE='+00:00' */;
/*!40014 SET @OLD_UNIQUE_CHECKS=@@UNIQUE_CHECKS, UNIQUE_CHECKS=0 */;
/*!40014 SET @OLD_FOREIGN_KEY_CHECKS=@@FOREIGN_KEY_CHECKS, FOREIGN_KEY_CHECKS=0 */;
/*!40101 SET @OLD_SQL_MODE=@@SQL_MODE, SQL_MODE='NO_AUTO_VALUE_ON_ZERO' */;
/*!40111 SET @OLD_SQL_NOTES=@@SQL_NOTES, SQL_NOTES=0 */;

CREATE DATABASE /*!32312 IF NOT EXISTS*/`alert-actordb` /*!40100 DEFAULT CHARACTER SET latin1 */;

USE `alert-actordb`;
--
-- Table structure for table `actiontb`
--

DROP TABLE IF EXISTS `actiontb`;
/*!40101 SET @saved_cs_client     = @@character_set_client */;
/*!40101 SET character_set_client = utf8 */;
CREATE TABLE `actiontb` (
  `ActionID` bigint(20) NOT NULL,
  `ActionName` varchar(255) NOT NULL,
  PRIMARY KEY (`ActionID`)
) ENGINE=InnoDB DEFAULT CHARSET=latin1;
/*!40101 SET character_set_client = @saved_cs_client */;

--
-- Dumping data for table `actiontb`
--

LOCK TABLES `actiontb` WRITE;
/*!40000 ALTER TABLE `actiontb` DISABLE KEYS */;
INSERT INTO `actiontb` VALUES (1,'Email'),(2,'InstantMessage'),(3,'WebMessage');
/*!40000 ALTER TABLE `actiontb` ENABLE KEYS */;
UNLOCK TABLES;

--
-- Table structure for table `msgtb`
--

DROP TABLE IF EXISTS `msgtb`;
/*!40101 SET @saved_cs_client     = @@character_set_client */;
/*!40101 SET character_set_client = utf8 */;
CREATE TABLE `msgtb` (
  `MsgID` int(10) unsigned NOT NULL AUTO_INCREMENT,
  `PatternId` varchar(108) NOT NULL,
  `Content` longtext NOT NULL,
  `MsgDate` timestamp NULL DEFAULT CURRENT_TIMESTAMP,
  `Subject` text,
  `Summary` text,
  PRIMARY KEY (`MsgID`),
  KEY `FK_msgtb` (`PatternId`),
  CONSTRAINT `FK_msgtb` FOREIGN KEY (`PatternId`) REFERENCES `patterntb` (`PatternID`) ON DELETE CASCADE ON UPDATE CASCADE
) ENGINE=InnoDB AUTO_INCREMENT=128 DEFAULT CHARSET=utf8;
/*!40101 SET character_set_client = @saved_cs_client */;

--
-- Dumping data for table `msgtb`
--

LOCK TABLES `msgtb` WRITE;
/*!40000 ALTER TABLE `msgtb` DISABLE KEYS */;
INSERT INTO `msgtb` VALUES (1,'a965F68ECF48A4D14BCC755481FD1E288','test29 : \nissueid : 184671\nissuestatus : Resolved\nissueresolution : Fixed\nissuepriority : 4\nissueseverity : Blocker\nsubjectrelated : http://www.alert-project.eu/ontologies/alert_its.owl#Bug1\ndescriptionrelated : http://www.alert-project.eu/ontologies/alert_its.owl#Bug1\nissueauthor : http://www.alert-project.eu/ontologies/alert_scm.owl#Person1\nassignedto : http://www.alert-project.eu/ontologies/alert_scm.owl#Person2\n','2012-03-30 15:27:53','test1','test1'),(2,'a965F68ECF48A4D14BCC755481FD1E288','test29 : \nissueid : 184671\nissuestatus : Resolved\nissueresolution : Fixed\nissuepriority : 4\nissueseverity : Blocker\nsubjectrelated : http://www.alert-project.eu/ontologies/alert_its.owl#Bug1\ndescriptionrelated : http://www.alert-project.eu/ontologies/alert_its.owl#Bug1\nissueauthor : http://www.alert-project.eu/ontologies/alert_scm.owl#Person1\nassignedto : http://www.alert-project.eu/ontologies/alert_scm.owl#Person2\n','2012-03-30 15:27:53','test2','test2'),(3,'a965F68ECF48A4D14BCC755481FD1E288','test29 : \nissueid : 184671\nissuestatus : Resolved\nissueresolution : Fixed\nissuepriority : 4\nissueseverity : Blocker\nsubjectrelated : http://www.alert-project.eu/ontologies/alert_its.owl#Bug1\ndescriptionrelated : http://www.alert-project.eu/ontologies/alert_its.owl#Bug1\nissueauthor : http://www.alert-project.eu/ontologies/alert_scm.owl#Person1\nassignedto : http://www.alert-project.eu/ontologies/alert_scm.owl#Person2\n','2012-03-30 15:27:53','test3','test3'),(4,'a965F68ECF48A4D14BCC755481FD1E288','test29 : \nissueid : 184671\nissuestatus : Resolved\nissueresolution : Fixed\nissuepriority : 4\nissueseverity : Blocker\nsubjectrelated : http://www.alert-project.eu/ontologies/alert_its.owl#Bug1\ndescriptionrelated : http://www.alert-project.eu/ontologies/alert_its.owl#Bug1\nissueauthor : http://www.alert-project.eu/ontologies/alert_scm.owl#Person1\nassignedto : http://www.alert-project.eu/ontologies/alert_scm.owl#Person2\n','2012-03-30 15:27:53','test4','test4'),(5,'a965F68ECF48A4D14BCC755481FD1E288','test29 : \nissueid : 184671\nissuestatus : Resolved\nissueresolution : Fixed\nissuepriority : 4\nissueseverity : Blocker\nsubjectrelated : http://www.alert-project.eu/ontologies/alert_its.owl#Bug1\ndescriptionrelated : http://www.alert-project.eu/ontologies/alert_its.owl#Bug1\nissueauthor : http://www.alert-project.eu/ontologies/alert_scm.owl#Person1\nassignedto : http://www.alert-project.eu/ontologies/alert_scm.owl#Person2\n','2012-03-30 15:27:54','test5','test5'),(6,'a965F68ECF48A4D14BCC755481FD1E288','test29 : \nissueid : 184671\nissuestatus : Resolved\nissueresolution : Fixed\nissuepriority : 4\nissueseverity : Blocker\nsubjectrelated : http://www.alert-project.eu/ontologies/alert_its.owl#Bug1\ndescriptionrelated : http://www.alert-project.eu/ontologies/alert_its.owl#Bug1\nissueauthor : http://www.alert-project.eu/ontologies/alert_scm.owl#Person1\nassignedto : http://www.alert-project.eu/ontologies/alert_scm.owl#Person2\n','2012-03-30 15:27:54','test6','test6'),(7,'a965F68ECF48A4D14BCC755481FD1E288','test29 : \nissueid : 184671\nissuestatus : Resolved\nissueresolution : Fixed\nissuepriority : 4\nissueseverity : Blocker\nsubjectrelated : http://www.alert-project.eu/ontologies/alert_its.owl#Bug1\ndescriptionrelated : http://www.alert-project.eu/ontologies/alert_its.owl#Bug1\nissueauthor : http://www.alert-project.eu/ontologies/alert_scm.owl#Person1\nassignedto : http://www.alert-project.eu/ontologies/alert_scm.owl#Person2\n','2012-03-30 15:27:54','test7','test7'),(8,'a965F68ECF48A4D14BCC755481FD1E288','test29 : \nissueid : 184671\nissuestatus : Resolved\nissueresolution : Fixed\nissuepriority : 4\nissueseverity : Blocker\nsubjectrelated : http://www.alert-project.eu/ontologies/alert_its.owl#Bug1\ndescriptionrelated : http://www.alert-project.eu/ontologies/alert_its.owl#Bug1\nissueauthor : http://www.alert-project.eu/ontologies/alert_scm.owl#Person1\nassignedto : http://www.alert-project.eu/ontologies/alert_scm.owl#Person2\n','2012-03-30 15:27:54','test8','test8'),(9,'a965F68ECF48A4D14BCC755481FD1E288','test29 : \nissueid : 184671\nissuestatus : Resolved\nissueresolution : Fixed\nissuepriority : 4\nissueseverity : Blocker\nsubjectrelated : http://www.alert-project.eu/ontologies/alert_its.owl#Bug1\ndescriptionrelated : http://www.alert-project.eu/ontologies/alert_its.owl#Bug1\nissueauthor : http://www.alert-project.eu/ontologies/alert_scm.owl#Person1\nassignedto : http://www.alert-project.eu/ontologies/alert_scm.owl#Person2\n','2012-03-30 15:27:54','test9','test9'),(10,'a965F68ECF48A4D14BCC755481FD1E288','test29 : \nissueid : 184671\nissuestatus : Resolved\nissueresolution : Fixed\nissuepriority : 4\nissueseverity : Blocker\nsubjectrelated : http://www.alert-project.eu/ontologies/alert_its.owl#Bug1\ndescriptionrelated : http://www.alert-project.eu/ontologies/alert_its.owl#Bug1\nissueauthor : http://www.alert-project.eu/ontologies/alert_scm.owl#Person1\nassignedto : http://www.alert-project.eu/ontologies/alert_scm.owl#Person2\n','2012-03-30 15:27:54','test10','test10'),(11,'a965F68ECF48A4D14BCC755481FD1E288','test29 : \nissueid : 184671\nissuestatus : Resolved\nissueresolution : Fixed\nissuepriority : 4\nissueseverity : Blocker\nsubjectrelated : http://www.alert-project.eu/ontologies/alert_its.owl#Bug1\ndescriptionrelated : http://www.alert-project.eu/ontologies/alert_its.owl#Bug1\nissueauthor : http://www.alert-project.eu/ontologies/alert_scm.owl#Person1\nassignedto : http://www.alert-project.eu/ontologies/alert_scm.owl#Person2\n','2012-03-30 15:59:38','test11','test11'),(12,'a965F68ECF48A4D14BCC755481FD1E288','test29 : \nissueid : 184671\nissuestatus : Resolved\nissueresolution : Fixed\nissuepriority : 4\nissueseverity : Blocker\nsubjectrelated : http://www.alert-project.eu/ontologies/alert_its.owl#Bug1\ndescriptionrelated : http://www.alert-project.eu/ontologies/alert_its.owl#Bug1\nissueauthor : http://www.alert-project.eu/ontologies/alert_scm.owl#Person1\nassignedto : http://www.alert-project.eu/ontologies/alert_scm.owl#Person2\n','2012-03-30 15:59:39','test12','test12'),(13,'a965F68ECF48A4D14BCC755481FD1E288','test29 : \nissueid : 184671\nissuestatus : Resolved\nissueresolution : Fixed\nissuepriority : 4\nissueseverity : Blocker\nsubjectrelated : http://www.alert-project.eu/ontologies/alert_its.owl#Bug1\ndescriptionrelated : http://www.alert-project.eu/ontologies/alert_its.owl#Bug1\nissueauthor : http://www.alert-project.eu/ontologies/alert_scm.owl#Person1\nassignedto : http://www.alert-project.eu/ontologies/alert_scm.owl#Person2\n','2012-03-30 15:59:39','12','try'),(14,'a965F68ECF48A4D14BCC755481FD1E288','test29 : \nissueid : 184671\nissuestatus : Resolved\nissueresolution : Fixed\nissuepriority : 4\nissueseverity : Blocker\nsubjectrelated : http://www.alert-project.eu/ontologies/alert_its.owl#Bug1\ndescriptionrelated : http://www.alert-project.eu/ontologies/alert_its.owl#Bug1\nissueauthor : http://www.alert-project.eu/ontologies/alert_scm.owl#Person1\nassignedto : http://www.alert-project.eu/ontologies/alert_scm.owl#Person2\n','2012-03-30 15:59:39','13','try'),(15,'a965F68ECF48A4D14BCC755481FD1E288','test29 : \nissueid : 184671\nissuestatus : Resolved\nissueresolution : Fixed\nissuepriority : 4\nissueseverity : Blocker\nsubjectrelated : http://www.alert-project.eu/ontologies/alert_its.owl#Bug1\ndescriptionrelated : http://www.alert-project.eu/ontologies/alert_its.owl#Bug1\nissueauthor : http://www.alert-project.eu/ontologies/alert_scm.owl#Person1\nassignedto : http://www.alert-project.eu/ontologies/alert_scm.owl#Person2\n','2012-03-30 15:59:39','14','try'),(16,'a965F68ECF48A4D14BCC755481FD1E288','test29 : \nissueid : 184671\nissuestatus : Resolved\nissueresolution : Fixed\nissuepriority : 4\nissueseverity : Blocker\nsubjectrelated : http://www.alert-project.eu/ontologies/alert_its.owl#Bug1\ndescriptionrelated : http://www.alert-project.eu/ontologies/alert_its.owl#Bug1\nissueauthor : http://www.alert-project.eu/ontologies/alert_scm.owl#Person1\nassignedto : http://www.alert-project.eu/ontologies/alert_scm.owl#Person2\n','2012-03-30 15:59:39','14','try'),(17,'a965F68ECF48A4D14BCC755481FD1E288','test29 : \nissueid : 184671\nissuestatus : Resolved\nissueresolution : Fixed\nissuepriority : 4\nissueseverity : Blocker\nsubjectrelated : http://www.alert-project.eu/ontologies/alert_its.owl#Bug1\ndescriptionrelated : http://www.alert-project.eu/ontologies/alert_its.owl#Bug1\nissueauthor : http://www.alert-project.eu/ontologies/alert_scm.owl#Person1\nassignedto : http://www.alert-project.eu/ontologies/alert_scm.owl#Person2\n','2012-03-30 15:59:39','15','try'),(18,'a965F68ECF48A4D14BCC755481FD1E288','test29 : \nissueid : 184671\nissuestatus : Resolved\nissueresolution : Fixed\nissuepriority : 4\nissueseverity : Blocker\nsubjectrelated : http://www.alert-project.eu/ontologies/alert_its.owl#Bug1\ndescriptionrelated : http://www.alert-project.eu/ontologies/alert_its.owl#Bug1\nissueauthor : http://www.alert-project.eu/ontologies/alert_scm.owl#Person1\nassignedto : http://www.alert-project.eu/ontologies/alert_scm.owl#Person2\n','2012-03-30 15:59:39','15','try'),(98,'K728521F-DBFB-499A-A18C-364F5141E924','just for test','2012-07-06 12:59:08','try','try'),(99,'K728521F-DBFB-499A-A18C-364F5141E924','test29 : \nissueid : 184671\nissuestatus : Resolved\nissueresolution : Fixed\nissuepriority : 4\nissueseverity : Blocker\nsubjectrelated : http://www.alert-project.eu/ontologies/alert_its.owl#Bug1\ndescriptionrelated : http://www.alert-project.eu/ontologies/alert_its.owl#Bug1\nissueauthor : http://www.alert-project.eu/ontologies/alert_scm.owl#Person1\nassignedto : http://www.alert-project.eu/ontologies/alert_scm.owl#Person2\n','2012-07-06 13:01:05','99','99'),(100,'K728521F-DBFB-499A-A18C-364F5141E924','for test','2012-07-09 20:35:50','100','100'),(101,'K728521F-DBFB-499A-A18C-364F5141E924','test29 : \nissueid : 184671\nissuestatus : Resolved\nissueresolution : Fixed\nissuepriority : 4\nissueseverity : Blocker\nsubjectrelated : http://www.alert-project.eu/ontologies/alert_its.owl#Bug1\ndescriptionrelated : http://www.alert-project.eu/ontologies/alert_its.owl#Bug1\nissueauthor : http://www.alert-project.eu/ontologies/alert_scm.owl#Person1\nassignedto : http://www.alert-project.eu/ontologies/alert_scm.owl#Person2\n','2012-07-11 11:30:58','testtest','testtest'),(102,'a965F68ECF48A4D14BCC755481FD1E288','test2','2012-08-01 18:26:19','test','test'),(103,'a965F68ECF48A4D14BCC755481FD1E288','test2','2012-08-01 18:27:43','test','test'),(104,'a965F68ECF48A4D14BCC755481FD1E288','test2','2012-08-01 18:27:43','test','test'),(105,'a965F68ECF48A4D14BCC755481FD1E288','test2','2012-08-01 18:27:46','test','test'),(106,'a965F68ECF48A4D14BCC755481FD1E288','test2','2012-08-01 18:27:46','test','test'),(107,'a965F68ECF48A4D14BCC755481FD1E288','test2','2012-08-01 18:27:46','test','test'),(108,'a965F68ECF48A4D14BCC755481FD1E288','test2','2012-08-01 18:27:46','test','test'),(109,'a965F68ECF48A4D14BCC755481FD1E288','test2','2012-08-01 18:27:47','test','test'),(110,'a965F68ECF48A4D14BCC755481FD1E288','test2','2012-08-01 18:27:47','test','test'),(111,'a965F68ECF48A4D14BCC755481FD1E288','test2','2012-08-01 18:27:48','test','test'),(112,'a965F68ECF48A4D14BCC755481FD1E288','test2','2012-08-01 18:27:48','test','test'),(113,'a965F68ECF48A4D14BCC755481FD1E288','test2','2012-08-01 18:27:49','test','test'),(114,'a965F68ECF48A4D14BCC755481FD1E288','test2','2012-08-01 18:27:49','test','test'),(115,'a965F68ECF48A4D14BCC755481FD1E288','test2','2012-08-01 18:27:49','test','test'),(116,'a965F68ECF48A4D14BCC755481FD1E288','test2','2012-08-01 18:27:49','test','test'),(117,'a965F68ECF48A4D14BCC755481FD1E288','test2','2012-08-01 18:27:49','test','test'),(118,'a965F68ECF48A4D14BCC755481FD1E288','test2','2012-08-01 18:27:49','test','test'),(119,'a965F68ECF48A4D14BCC755481FD1E288','test2','2012-08-01 18:27:49','test','test'),(120,'a965F68ECF48A4D14BCC755481FD1E288','test2','2012-08-01 18:27:49','test','test'),(121,'a965F68ECF48A4D14BCC755481FD1E288','test2','2012-08-01 18:27:50','test','test'),(122,'a965F68ECF48A4D14BCC755481FD1E288','<items><item id=\"7871\" itemType=\"12\" time=\"12916274400000\" tags=\"37,5455,5895,5458,5478\" entryId=\"http://www.ifi.uzh.ch/ddis/evoont/2008/11/bom#Comment2459\" threadId=\"425\" count=\"1\" from=\"656\"><metaData><url>https://bugs.kde.org/show_bug.cgi?id=234940</url><issueId>234940</issueId></metaData><similarity>0.3591</similarity>		<shortContent>Version:           1.0 (using 4.4.2 (KDE 4.4.2), Kubuntu packages)Compiler:          cc OS:                Linux (x86_64) release 2.6.32-19-gener</shortContent><subject>Power management settings ambiguous</subject></item></items>','2012-08-02 18:27:50','no xml head','no xml head'),(123,'a965F68ECF48A4D14BCC755481FD1E288','<?xml version=\"1.0\" encoding=\"UTF-8\"?>\n<items>\n	<item>\n		<url>https://bugs.kde.org/show_bug.cgi?id=184100</url>\n		<similarity>0.9523</similarity>\n		<shortContent>Version: (using 4.2.00 (KDE 4.2.0), Arch Linux)\n			Compiler: gcc\n			OS: Linux (i686) release 2.6.28-ARCH\n			I find t\n		</shortContent>\n		<subject>Configuration GUI is confusing</subject>\n	</item>\n	<item>\n		<url>https://bugs.kde.org/show_bug.cgi?id=234940</url>\n		<similarity>0.3591</similarity>\n		<shortContent>Version: 1.0 (using 4.4.2 (KDE 4.4.2), Kubuntu packages)\n			Compiler: cc\n			OS: Linux (x86_64) release 2.6.32-19-gener\n		</shortContent>\n		<subject>Power management settings ambiguous</subject>\n	</item>\n	<item>\n		<url>https://bugs.kde.org/show_bug.cgi?id=217351</url>\n		<similarity>0.3186</similarity>\n		<shortContent>Version: (using KDE 4.3.4)\n			OS: Linux\n			Installed from:\n			Unlisted Binary Package\n			Layout of Actions tab in Edit Profil\n		</shortContent>\n		<subject>[mockup] Powermanagement - &amp;gt; Edit Profiles module has\n			too chaotic layout\n		</subject>\n	</item>\n	<item>\n		<url>https://bugs.kde.org/show_bug.cgi?id=222326</url>\n		<similarity>0.2531</similarity>\n		<shortContent>Version: (using Devel)\n			Compiler: g++ 4.3\n			OS: Linux\n			Installed from: Compiled sources\n			there is an unnec\n		</shortContent>\n		<subject>horizontal scroll bar enabled for power manager</subject>\n	</item>\n\n</items>','2012-08-15 14:01:56','similar','similar'),(124,'a965F68ECF48A4D14BCC755481FD1E288','<?xml version=\"1.0\" encoding=\"UTF-8\"?>\n<complexevents>\n	<event>\n		<name>Event1</name>\n		<description>Event1</description>\n		<url>https://www.google.de/</url>\n	</event>\n	<event>\n		<name>Event2</name>\n		<description>Event2</description>\n		<url>https://www.google.de/</url>\n	</event>\n	<event>\n		<name>Event2</name>\n		<description>Event2</description>\n		<url>https://www.google.de/</url>\n	</event>\n	\n</complexevents>','2012-08-15 15:49:28','complex event','complex event'),(125,'a965F68ECF48A4D14BCC755481FD1E288','xmlfile','2012-08-15 23:10:03','xmlfile','xmlfile'),(126,'a965F68ECF48A4D14BCC755481FD1E288','<issues>\n	<issue>\n		<bugid>0393019</bugid>\n		<subject>bug0393019</subject>\n		<summary>bug0393019 bug0393019</summary>\n		<url>http://google.de</url>\n	</issue>\n	\n	<issue>\n		<bugid>eadall111</bugid>\n		<subject>bugeadall111</subject>\n		<summary>bug0393019 bug0393019</summary>\n		<url>http://fzi.de</url>\n	</issue>\n	\n	<issue>\n		<bugid>138493mvl3930-jfla</bugid>\n		<subject>bug138493mvl3930-jfla</subject>\n		<summary>bug0393019 bug0393019</summary>\n		<url>http://hiwitool.fzi.de</url>\n	</issue>\n	\n</issues>','2012-08-16 00:42:28','issue','issue'),(127,'a965F68ECF48A4D14BCC755481FD1E288','<?xml version=\"1.0\" encoding=\"UTF-8\"?>\n<identitys>\n	<identity>\n		<name>max muster</name>\n		<profile>\n			Student\n			<url>http://google.de</url>\n		</profile>\n		<imgurl></imgurl>\n	</identity>\n	<identity>\n		<name>muster</name>\n		<profile>\n			Prof. Dr.\n			<url>http://google.de</url>\n		</profile>\n		<imgurl>/imgad.png</imgurl>\n	</identity>\n	<identity>\n		<name>Anna</name>\n		<profile>\n			hiwi\n			<url>http://google.de</url>\n		</profile>\n		<imgurl>/logo.png</imgurl>\n	</identity>\n</identitys>','2012-08-16 00:44:12','identity','identity');
/*!40000 ALTER TABLE `msgtb` ENABLE KEYS */;
UNLOCK TABLES;

--
-- Table structure for table `patterntb`
--

DROP TABLE IF EXISTS `patterntb`;
/*!40101 SET @saved_cs_client     = @@character_set_client */;
/*!40101 SET character_set_client = utf8 */;
CREATE TABLE `patterntb` (
  `PatternID` varchar(108) NOT NULL,
  `PatternName` varchar(96) NOT NULL,
  `Description` varchar(1536) DEFAULT NULL,
  `Status` int(4) unsigned zerofill NOT NULL DEFAULT '0000',
  `complex_event` blob,
  PRIMARY KEY (`PatternID`),
  UNIQUE KEY `PatternName` (`PatternName`)
) ENGINE=InnoDB DEFAULT CHARSET=utf8;
/*!40101 SET character_set_client = @saved_cs_client */;

--
-- Dumping data for table `patterntb`
--

LOCK TABLES `patterntb` WRITE;
/*!40000 ALTER TABLE `patterntb` DISABLE KEYS */;
INSERT INTO `patterntb` VALUES ('4FEBD485-B2FC-41C7-9943-0B92CE351A43','MyBug','This is description',0000,'¬í\0sr\0/icep.panteon.client.designer.event.ComplexEvent\0\0\0\0\0\0\0\0L\0operatort\0=Licep/panteon/client/designer/eventoperator/AbstractOperator;xr\00icep.panteon.client.designer.event.AbstractEvent\0\0\0\0\0\0\0\0\nI\0idI\0\ninputOrderI\0xI\0yL\0evenTypet\0.Licep/panteon/client/designer/event/EventType;L\0eventSourcet\00Licep/panteon/client/designer/event/EventSource;L\0	localNamet\0Ljava/lang/String;L\0	nameSpaceq\0~\0L\0\npropertiest\0Ljava/util/HashMap;L\0typeOfq\0~\0xpÿÿÿÿ\0\0\0\0\0\0\0\0\0|sr\0,icep.panteon.client.designer.event.EventType\0\0\0\0\0\0\0\0L\0	localNameq\0~\0L\0	nameSpaceq\0~\0L\0\npropertiesq\0~\0L\0typeOfq\0~\0xpt\0genericTypet\09http://icep.fzi.de/eventrepresentation1.0/icepEventSchemesr\0java.util.HashMapÚÁÃ`Ñ\0F\0\nloadFactorI\0	thresholdxp?@\0\0\0\0\0w\0\0\0\0\0\0t\0ceNamesr\04icep.panteon.client.designer.event.PropertyContainer\0\0\0\0\0\0\0\0Z\0autoCompleteZ\0	isDefaultZ\0lookUpZ\0multipleZ\0propertyLookL\0	displayAsq\0~\0L\0propertyLookTableq\0~\0L\0propertyNameq\0~\0L\0propertyOperatorq\0~\0L\0\rtypeLocalNameq\0~\0L\0typeOfq\0~\0L\0valueq\0~\0xp\0\0\0\0t\0Namesq\0~\0?@\0\0\0\0\0w\0\0\0\0\0\0\0xq\0~\0pt\0stringt\0\'http://www.w3.org/2001/XMLSchema#stringt\0InterestingBugt\0tagFieldsq\0~\0\0\0\0\0\0t\0Tagssq\0~\0?@\0\0\0\0\0w\0\0\0\0\0\0\0xq\0~\0pq\0~\0q\0~\0pt\0commentFieldsq\0~\0\0\0\0\0\0t\0Commentsq\0~\0?@\0\0\0\0\0w\0\0\0\0\0\0\0xq\0~\0\Zpq\0~\0q\0~\0pxt\0Ehttp://icep.fzi.de/eventrepresentation1.0/icepEventScheme#DefaultTypesr\0.icep.panteon.client.designer.event.EventSource\0\0\0\0\0\0\0\0L\0	localNameq\0~\0L\0	nameSpaceq\0~\0L\0\npropertiesq\0~\0L\0typeOfq\0~\0xpt\0ModulSourceq\0~\0sq\0~\0?@\0\0\0\0\0w\0\0\0\0\0\0t\0hasNamesq\0~\0\0\0\0\0\0t\0Modulsq\0~\0?@\0\0\0\0\0w\0\0\0\0\0\0\0xq\0~\0#pt\0	ModulNamet\0Chttp://icep.fzi.de/eventrepresentation1.0/icepEventScheme#ModulNamepxt\0Ehttp://icep.fzi.de/eventrepresentation1.0/icepEventScheme#ModulSourcet\0Defaultq\0~\0sq\0~\0?@\0\0\0\0\0w\0\0\0\0\0\0q\0~\0#sq\0~\0\0\0\0\0\0t\0Default Outputsq\0~\0?@\0\0\0\0\0w\0\0\0\0\0\0\0xq\0~\0#pq\0~\0q\0~\0pxt\0Ahttp://icep.fzi.de/eventrepresentation1.0/icepEventScheme#Defaultsr\03icep.panteon.client.designer.eventoperator.Operator\0\0\0\0\0\0\0\0\0xr\0;icep.panteon.client.designer.eventoperator.AbstractOperator\0\0\0\0\0\0\0\0I\0idZ\0showExpertPropertiesZ\0showWherePropertiesZ\0	typeLevelI\0xI\0yL\0	carEvtMaxt\0Ljava/lang/Integer;L\0	carEvtMinq\0~\02L\0carOpMaxq\0~\02L\0carOpMinq\0~\02L\0eventst\0Ljava/util/ArrayList;L\0	localNameq\0~\0L\0	nameSpaceq\0~\0L\0operatorTypet\09Licep/panteon/client/designer/eventoperator/OperatorType;L\0	operatorsq\0~\03L\0\npropertiesq\0~\0L\0typeOfq\0~\0L\0wherePropertiesq\0~\0xp\0\0\0\0\0\0\0\0È\0\0\0}sr\0java.lang.Integerâ ¤÷‡8\0I\0valuexr\0java.lang.Number†¬•”à‹\0\0xp\0\0\0sq\0~\06\0\0\0\0q\0~\08q\0~\08sr\0java.util.ArrayListxÒ™Ça\0I\0sizexp\0\0\0w\0\0\0\nsr\0(icep.panteon.client.designer.event.Event\0\0\0\0\0\0\0\0\0xq\0~\0\0\0\0\0\0\0\0\0\0\0\0\0\0\0~sq\0~\0t\0NewIssueq\0~\0sq\0~\0?@\0\0\0\0\0w\0\0\0\0\0\0	t\0s:issueSeveritysq\0~\0\0\0\0\0\0t\0Severitysq\0~\0?@\0\0\0\0\0w\0\0\0\0\0\0\0xq\0~\0At\0==q\0~\0Ct\0Bhttp://icep.fzi.de/eventrepresentation1.0/icepEventScheme#Severityt\02t\0o:issueAssignedToUrisq\0~\0\0\0\0\0\0t\0Assigned Tosq\0~\0?@\0\0\0\0\0w\0\0\0\0\0\0\0xq\0~\0Hq\0~\0Et\0Persont\0@http://icep.fzi.de/eventrepresentation1.0/icepEventScheme#Persont\0Johnt\0s:issuePrioritysq\0~\0\0\0\0\0\0t\0Prioritysq\0~\0?@\0\0\0\0\0w\0\0\0\0\0\0\0xq\0~\0Oq\0~\0Eq\0~\0Qt\0Bhttp://icep.fzi.de/eventrepresentation1.0/icepEventScheme#Priorityt\05t\0s1:dconceptsq\0~\0\0\0\0\0\0t\0\rConcept desc.sq\0~\0?@\0\0\0\0\0w\0\0\0\0\0\0\0xq\0~\0Uq\0~\0Et\0\nAnnotationt\0Dhttp://icep.fzi.de/eventrepresentation1.0/icepEventScheme#Annotationt\0ALERTt\0o:issueAuthorUrisq\0~\0\0\0\0\0\0t\0Authorsq\0~\0?@\0\0\0\0\0w\0\0\0\0\0\0\0xq\0~\0\\q\0~\0Eq\0~\0Lq\0~\0Mpt\0s:issueResolutionsq\0~\0\0\0\0\0\0t\0\nResolutionsq\0~\0?@\0\0\0\0\0w\0\0\0\0\0\0\0xq\0~\0`q\0~\0Eq\0~\0bt\0Dhttp://icep.fzi.de/eventrepresentation1.0/icepEventScheme#Resolutionpt\0	s:issueIdsq\0~\0\0\0\0\0\0t\0IssueIdsq\0~\0?@\0\0\0\0\0w\0\0\0\0\0\0\0xq\0~\0eq\0~\0Eq\0~\0q\0~\0pt\0s1:sconceptsq\0~\0\0\0\0\0\0t\0Concept sub.sq\0~\0?@\0\0\0\0\0w\0\0\0\0\0\0\0xq\0~\0iq\0~\0Eq\0~\0Yq\0~\0Zpt\0\rs:issueStatussq\0~\0\0\0\0\0\0t\0Statussq\0~\0?@\0\0\0\0\0w\0\0\0\0\0\0\0xq\0~\0mq\0~\0Eq\0~\0ot\0@http://icep.fzi.de/eventrepresentation1.0/icepEventScheme#Statuspxt\0Bhttp://icep.fzi.de/eventrepresentation1.0/icepEventScheme#NewIssuesq\0~\0t\0\rTwitterSourceq\0~\0sq\0~\0?@\0\0\0\0\0w\0\0\0\0\0\0\0xt\0Ahttp://icep.fzi.de/eventrepresentation1.0/icepEventScheme#Twitterq\0~\0?q\0~\0sq\0~\0?@\0\0\0\0\0w\0\0\0\0\0\0q\0~\0#sq\0~\0\0\0\0\0\0t\0	New Issuesq\0~\0?@\0\0\0\0\0w\0\0\0\0\0\0\0xq\0~\0#pq\0~\0q\0~\0pt\0seqIDsq\0~\0\0\0\0\0\0t\0Ordersq\0~\0?@\0\0\0\0\0w\0\0\0\0\0\0\0xq\0~\0{pt\0integert\0(http://www.w3.org/2001/XMLSchema#integerpxq\0~\0rq\0~\0xt\0	Filteringq\0~\0sr\07icep.panteon.client.designer.eventoperator.OperatorType\0\0\0\0\0\0\0\0L\0	localNameq\0~\0L\0	nameSpaceq\0~\0L\0\npropertiesq\0~\0L\0typeOfq\0~\0xpt\0LogicalOperatorq\0~\0sq\0~\0?@\0\0\0\0\0w\0\0\0\0\0\0t\0\ntimeWindowsr\0<icep.panteon.client.designer.eventoperator.PropertyContainer\0\0\0\0\0\0\0\0Z\0autoCompleteL\0_defaultq\0~\0L\0	displayAsq\0~\0L\0propertyNameq\0~\0L\0propertyOperatorq\0~\0L\0\rtypeLocalNameq\0~\0L\0typeOfq\0~\0L\0valueq\0~\0xp\0pt\0Within (s,m,d)q\0~\0†q\0~\0Et\0doublet\0\'http://www.w3.org/2001/XMLSchema#doublept\0countWindowsq\0~\0‡\0pt\0Countq\0~\0Œq\0~\0Eq\0~\0q\0~\0€pxt\0Ihttp://icep.fzi.de/eventrepresentation1.0/icepEventScheme#LogicalOperatorsq\0~\0:\0\0\0\0w\0\0\0\nxsq\0~\0?@\0\0\0\0\0w\0\0\0\0\0\0q\0~\0#sq\0~\0‡\0pt\0Filterq\0~\0#pq\0~\0q\0~\0pxt\0Chttp://icep.fzi.de/eventrepresentation1.0/icepEventScheme#Filteringsq\0~\0?@\0\0\0\0\0w\0\0\0\0\0\0\0x'),('8304D130-8DC5-43E5-A405-29BDCC115698','ImportantBug',' ',0000,'¬í\0sr\0/icep.panteon.client.designer.event.ComplexEvent\0\0\0\0\0\0\0\0L\0operatort\0=Licep/panteon/client/designer/eventoperator/AbstractOperator;xr\00icep.panteon.client.designer.event.AbstractEvent\0\0\0\0\0\0\0\0\nI\0idI\0\ninputOrderI\0xI\0yL\0evenTypet\0.Licep/panteon/client/designer/event/EventType;L\0eventSourcet\00Licep/panteon/client/designer/event/EventSource;L\0	localNamet\0Ljava/lang/String;L\0	nameSpaceq\0~\0L\0\npropertiest\0Ljava/util/HashMap;L\0typeOfq\0~\0xpÿÿÿÿ\0\0\0\0\0\0Ä\0\0\0Žsr\0,icep.panteon.client.designer.event.EventType\0\0\0\0\0\0\0\0L\0	localNameq\0~\0L\0	nameSpaceq\0~\0L\0\npropertiesq\0~\0L\0typeOfq\0~\0xpt\0genericTypet\09http://icep.fzi.de/eventrepresentation1.0/icepEventSchemesr\0java.util.HashMapÚÁÃ`Ñ\0F\0\nloadFactorI\0	thresholdxp?@\0\0\0\0\0w\0\0\0\0\0\0t\0ceNamesr\04icep.panteon.client.designer.event.PropertyContainer\0\0\0\0\0\0\0\0Z\0autoCompleteZ\0	isDefaultZ\0lookUpZ\0multipleZ\0propertyLookL\0	displayAsq\0~\0L\0propertyLookTableq\0~\0L\0propertyNameq\0~\0L\0propertyOperatorq\0~\0L\0\rtypeLocalNameq\0~\0L\0typeOfq\0~\0L\0valueq\0~\0xp\0\0\0\0t\0Namesq\0~\0?@\0\0\0\0\0w\0\0\0\0\0\0\0xq\0~\0pt\0stringt\0\'http://www.w3.org/2001/XMLSchema#stringt\0ImportantBugt\0tagFieldsq\0~\0\0\0\0\0\0t\0Tagssq\0~\0?@\0\0\0\0\0w\0\0\0\0\0\0\0xq\0~\0pq\0~\0q\0~\0pt\0commentFieldsq\0~\0\0\0\0\0\0t\0Commentsq\0~\0?@\0\0\0\0\0w\0\0\0\0\0\0\0xq\0~\0\Zpq\0~\0q\0~\0pxt\0Ehttp://icep.fzi.de/eventrepresentation1.0/icepEventScheme#DefaultTypesr\0.icep.panteon.client.designer.event.EventSource\0\0\0\0\0\0\0\0L\0	localNameq\0~\0L\0	nameSpaceq\0~\0L\0\npropertiesq\0~\0L\0typeOfq\0~\0xpt\0ModulSourceq\0~\0sq\0~\0?@\0\0\0\0\0w\0\0\0\0\0\0t\0hasNamesq\0~\0\0\0\0\0\0t\0Modulsq\0~\0?@\0\0\0\0\0w\0\0\0\0\0\0\0xq\0~\0#pt\0	ModulNamet\0Chttp://icep.fzi.de/eventrepresentation1.0/icepEventScheme#ModulNamepxt\0Ehttp://icep.fzi.de/eventrepresentation1.0/icepEventScheme#ModulSourcet\0Defaultq\0~\0sq\0~\0?@\0\0\0\0\0w\0\0\0\0\0\0q\0~\0#sq\0~\0\0\0\0\0\0t\0Default Outputsq\0~\0?@\0\0\0\0\0w\0\0\0\0\0\0\0xq\0~\0#pq\0~\0q\0~\0pxt\0Ahttp://icep.fzi.de/eventrepresentation1.0/icepEventScheme#Defaultsr\03icep.panteon.client.designer.eventoperator.Operator\0\0\0\0\0\0\0\0\0xr\0;icep.panteon.client.designer.eventoperator.AbstractOperator\0\0\0\0\0\0\0\0I\0idZ\0showExpertPropertiesZ\0showWherePropertiesZ\0	typeLevelI\0xI\0yL\0	carEvtMaxt\0Ljava/lang/Integer;L\0	carEvtMinq\0~\02L\0carOpMaxq\0~\02L\0carOpMinq\0~\02L\0eventst\0Ljava/util/ArrayList;L\0	localNameq\0~\0L\0	nameSpaceq\0~\0L\0operatorTypet\09Licep/panteon/client/designer/eventoperator/OperatorType;L\0	operatorsq\0~\03L\0\npropertiesq\0~\0L\0typeOfq\0~\0L\0wherePropertiesq\0~\0xp\0\0\0\0\0\0\0\0‘\0\0\0sr\0java.lang.Integerâ ¤÷‡8\0I\0valuexr\0java.lang.Number†¬•”à‹\0\0xp\0\0\0sq\0~\06\0\0\0\0q\0~\08q\0~\08sr\0java.util.ArrayListxÒ™Ça\0I\0sizexp\0\0\0w\0\0\0\nsr\0(icep.panteon.client.designer.event.Event\0\0\0\0\0\0\0\0\0xq\0~\0\0\0\0)\0\0\0\0\0\0\0	\0\0\0‹sq\0~\0t\0NewIssueq\0~\0sq\0~\0?@\0\0\0\0\0w\0\0\0\0\0\0	t\0s:issueSeveritysq\0~\0\0\0\0\0\0t\0Severitysq\0~\0?@\0\0\0\0\0w\0\0\0\0\0\0\0xq\0~\0At\0==q\0~\0Ct\0Bhttp://icep.fzi.de/eventrepresentation1.0/icepEventScheme#Severitypt\0o:issueAssignedToUrisq\0~\0\0\0\0\0\0t\0Assigned Tosq\0~\0?@\0\0\0\0\0w\0\0\0\0\0\0\0xq\0~\0Gq\0~\0Et\0Persont\0@http://icep.fzi.de/eventrepresentation1.0/icepEventScheme#Personpt\0s:issuePrioritysq\0~\0\0\0\0\0\0t\0Prioritysq\0~\0?@\0\0\0\0\0w\0\0\0\0\0\0\0xq\0~\0Mq\0~\0Eq\0~\0Ot\0Bhttp://icep.fzi.de/eventrepresentation1.0/icepEventScheme#Prioritypt\0s1:dconceptsq\0~\0\0\0\0\0\0t\0\rConcept desc.sq\0~\0?@\0\0\0\0\0w\0\0\0\0\0\0\0xq\0~\0Rq\0~\0Et\0\nAnnotationt\0Dhttp://icep.fzi.de/eventrepresentation1.0/icepEventScheme#Annotationpt\0o:issueAuthorUrisq\0~\0\0\0\0\0\0t\0Authorsq\0~\0?@\0\0\0\0\0w\0\0\0\0\0\0\0xq\0~\0Xq\0~\0Eq\0~\0Kq\0~\0Lpt\0s:issueResolutionsq\0~\0\0\0\0\0\0t\0\nResolutionsq\0~\0?@\0\0\0\0\0w\0\0\0\0\0\0\0xq\0~\0\\q\0~\0Eq\0~\0^t\0Dhttp://icep.fzi.de/eventrepresentation1.0/icepEventScheme#Resolutionpt\0	s:issueIdsq\0~\0\0\0\0\0\0t\0IssueIdsq\0~\0?@\0\0\0\0\0w\0\0\0\0\0\0\0xq\0~\0aq\0~\0Eq\0~\0q\0~\0pt\0s1:sconceptsq\0~\0\0\0\0\0\0t\0Concept sub.sq\0~\0?@\0\0\0\0\0w\0\0\0\0\0\0\0xq\0~\0eq\0~\0Eq\0~\0Vq\0~\0Wt\0PANTEONt\0\rs:issueStatussq\0~\0\0\0\0\0\0t\0Statussq\0~\0?@\0\0\0\0\0w\0\0\0\0\0\0\0xq\0~\0jq\0~\0Eq\0~\0lt\0@http://icep.fzi.de/eventrepresentation1.0/icepEventScheme#Statuspxt\0Bhttp://icep.fzi.de/eventrepresentation1.0/icepEventScheme#NewIssuesq\0~\0t\0\rTwitterSourceq\0~\0sq\0~\0?@\0\0\0\0\0w\0\0\0\0\0\0\0xt\0Ahttp://icep.fzi.de/eventrepresentation1.0/icepEventScheme#Twitterq\0~\0?q\0~\0sq\0~\0?@\0\0\0\0\0w\0\0\0\0\0\0q\0~\0#sq\0~\0\0\0\0\0\0t\0	New Issuesq\0~\0?@\0\0\0\0\0w\0\0\0\0\0\0\0xq\0~\0#pq\0~\0q\0~\0pt\0seqIDsq\0~\0\0\0\0\0\0t\0Ordersq\0~\0?@\0\0\0\0\0w\0\0\0\0\0\0\0xq\0~\0xpt\0integert\0(http://www.w3.org/2001/XMLSchema#integerpxq\0~\0oq\0~\0xt\0NTimesq\0~\0sr\07icep.panteon.client.designer.eventoperator.OperatorType\0\0\0\0\0\0\0\0L\0	localNameq\0~\0L\0	nameSpaceq\0~\0L\0\npropertiesq\0~\0L\0typeOfq\0~\0xpt\0LogicalOperatorq\0~\0sq\0~\0?@\0\0\0\0\0w\0\0\0\0\0\0t\0\ntimeWindowsr\0<icep.panteon.client.designer.eventoperator.PropertyContainer\0\0\0\0\0\0\0\0Z\0autoCompleteL\0_defaultq\0~\0L\0	displayAsq\0~\0L\0propertyNameq\0~\0L\0propertyOperatorq\0~\0L\0\rtypeLocalNameq\0~\0L\0typeOfq\0~\0L\0valueq\0~\0xp\0pt\0Withinq\0~\0ƒq\0~\0Et\0doublet\0\'http://www.w3.org/2001/XMLSchema#doublet\010 dayt\0countWindowsq\0~\0„\0pt\0Countq\0~\0Šq\0~\0Eq\0~\0|q\0~\0}t\030xt\0Ihttp://icep.fzi.de/eventrepresentation1.0/icepEventScheme#LogicalOperatorsq\0~\0:\0\0\0\0w\0\0\0\nxsq\0~\0?@\0\0\0\0\0w\0\0\0\0\0\0q\0~\0#sq\0~\0„\0pq\0~\0~q\0~\0#pq\0~\0q\0~\0pxt\0@http://icep.fzi.de/eventrepresentation1.0/icepEventScheme#NTimessq\0~\0?@\0\0\0\0\0w\0\0\0\0\0\0\0x'),('97696FAD-1BF2-4477-AC5E-28EB27231D62','BugNotMaintained','This Bug is not maintained',0000,'¬í\0sr\0/icep.panteon.client.designer.event.ComplexEvent\0\0\0\0\0\0\0\0L\0operatort\0=Licep/panteon/client/designer/eventoperator/AbstractOperator;xr\00icep.panteon.client.designer.event.AbstractEvent\0\0\0\0\0\0\0\0\nI\0idI\0\ninputOrderI\0xI\0yL\0evenTypet\0.Licep/panteon/client/designer/event/EventType;L\0eventSourcet\00Licep/panteon/client/designer/event/EventSource;L\0	localNamet\0Ljava/lang/String;L\0	nameSpaceq\0~\0L\0\npropertiest\0Ljava/util/HashMap;L\0typeOfq\0~\0xpÿÿÿÿ\0\0\0\0\0\0k\0\0Ïsr\0,icep.panteon.client.designer.event.EventType\0\0\0\0\0\0\0\0L\0	localNameq\0~\0L\0	nameSpaceq\0~\0L\0\npropertiesq\0~\0L\0typeOfq\0~\0xpt\0genericTypet\09http://icep.fzi.de/eventrepresentation1.0/icepEventSchemesr\0java.util.HashMapÚÁÃ`Ñ\0F\0\nloadFactorI\0	thresholdxp?@\0\0\0\0\0w\0\0\0\0\0\0t\0ceNamesr\04icep.panteon.client.designer.event.PropertyContainer\0\0\0\0\0\0\0\0Z\0autoCompleteZ\0	isDefaultZ\0lookUpZ\0multipleZ\0propertyLookL\0	displayAsq\0~\0L\0propertyLookTableq\0~\0L\0propertyNameq\0~\0L\0propertyOperatorq\0~\0L\0\rtypeLocalNameq\0~\0L\0typeOfq\0~\0L\0valueq\0~\0xp\0\0\0\0t\0Namesq\0~\0?@\0\0\0\0\0w\0\0\0\0\0\0\0xq\0~\0pt\0stringt\0\'http://www.w3.org/2001/XMLSchema#stringt\0NotMaintanedBugt\0tagFieldsq\0~\0\0\0\0\0\0t\0Tagssq\0~\0?@\0\0\0\0\0w\0\0\0\0\0\0\0xq\0~\0pq\0~\0q\0~\0pt\0commentFieldsq\0~\0\0\0\0\0\0t\0Commentsq\0~\0?@\0\0\0\0\0w\0\0\0\0\0\0\0xq\0~\0\Zpq\0~\0q\0~\0pxt\0Ehttp://icep.fzi.de/eventrepresentation1.0/icepEventScheme#DefaultTypesr\0.icep.panteon.client.designer.event.EventSource\0\0\0\0\0\0\0\0L\0	localNameq\0~\0L\0	nameSpaceq\0~\0L\0\npropertiesq\0~\0L\0typeOfq\0~\0xpt\0ModulSourceq\0~\0sq\0~\0?@\0\0\0\0\0w\0\0\0\0\0\0t\0hasNamesq\0~\0\0\0\0\0\0t\0Modulsq\0~\0?@\0\0\0\0\0w\0\0\0\0\0\0\0xq\0~\0#pt\0	ModulNamet\0Chttp://icep.fzi.de/eventrepresentation1.0/icepEventScheme#ModulNamepxt\0Ehttp://icep.fzi.de/eventrepresentation1.0/icepEventScheme#ModulSourcet\0Defaultq\0~\0sq\0~\0?@\0\0\0\0\0w\0\0\0\0\0\0q\0~\0#sq\0~\0\0\0\0\0\0t\0Default Outputsq\0~\0?@\0\0\0\0\0w\0\0\0\0\0\0\0xq\0~\0#pq\0~\0q\0~\0pxt\0Ahttp://icep.fzi.de/eventrepresentation1.0/icepEventScheme#Defaultsr\03icep.panteon.client.designer.eventoperator.Operator\0\0\0\0\0\0\0\0\0xr\0;icep.panteon.client.designer.eventoperator.AbstractOperator\0\0\0\0\0\0\0\0I\0idZ\0showExpertPropertiesZ\0showWherePropertiesZ\0	typeLevelI\0xI\0yL\0	carEvtMaxt\0Ljava/lang/Integer;L\0	carEvtMinq\0~\02L\0carOpMaxq\0~\02L\0carOpMinq\0~\02L\0eventst\0Ljava/util/ArrayList;L\0	localNameq\0~\0L\0	nameSpaceq\0~\0L\0operatorTypet\09Licep/panteon/client/designer/eventoperator/OperatorType;L\0	operatorsq\0~\03L\0\npropertiesq\0~\0L\0typeOfq\0~\0L\0wherePropertiesq\0~\0xp\0\0\0\0\0\0Û\0\0\0Usr\0java.lang.Integerâ ¤÷‡8\0I\0valuexr\0java.lang.Number†¬•”à‹\0\0xpÿÿÿsq\0~\06\0\0\0\0sq\0~\06ÿÿÿsq\0~\06\0\0\0sr\0java.util.ArrayListxÒ™Ça\0I\0sizexp\0\0\0w\0\0\0\nsr\0(icep.panteon.client.designer.event.Event\0\0\0\0\0\0\0\0\0xq\0~\0\0\0\0\0\0\0\0\0\0\0\r\0\0\0Qsq\0~\0t\0NewIssueq\0~\0sq\0~\0?@\0\0\0\0\0w\0\0\0\0\0\0	t\0s:issueSeveritysq\0~\0\0\0\0\0\0t\0Severitysq\0~\0?@\0\0\0\0\0w\0\0\0\0\0\0\0xq\0~\0Ct\0==q\0~\0Et\0Bhttp://icep.fzi.de/eventrepresentation1.0/icepEventScheme#Severitypt\0o:issueAssignedToUrisq\0~\0\0\0\0\0\0t\0Assigned Tosq\0~\0?@\0\0\0\0\0w\0\0\0\0\0\0\0xq\0~\0Iq\0~\0Gt\0Persont\0@http://icep.fzi.de/eventrepresentation1.0/icepEventScheme#Personpt\0s:issuePrioritysq\0~\0\0\0\0\0\0t\0Prioritysq\0~\0?@\0\0\0\0\0w\0\0\0\0\0\0\0xq\0~\0Oq\0~\0Gq\0~\0Qt\0Bhttp://icep.fzi.de/eventrepresentation1.0/icepEventScheme#Prioritypt\0s1:dconceptsq\0~\0\0\0\0\0\0t\0\rConcept desc.sq\0~\0?@\0\0\0\0\0w\0\0\0\0\0\0\0xq\0~\0Tq\0~\0Gt\0\nAnnotationt\0Dhttp://icep.fzi.de/eventrepresentation1.0/icepEventScheme#Annotationpt\0o:issueAuthorUrisq\0~\0\0\0\0\0\0t\0Authorsq\0~\0?@\0\0\0\0\0w\0\0\0\0\0\0\0xq\0~\0Zq\0~\0Gq\0~\0Mq\0~\0Npt\0s:issueResolutionsq\0~\0\0\0\0\0\0t\0\nResolutionsq\0~\0?@\0\0\0\0\0w\0\0\0\0\0\0\0xq\0~\0^q\0~\0Gq\0~\0`t\0Dhttp://icep.fzi.de/eventrepresentation1.0/icepEventScheme#Resolutionpt\0	s:issueIdsq\0~\0\0\0\0\0\0t\0IssueIdsq\0~\0?@\0\0\0\0\0w\0\0\0\0\0\0\0xq\0~\0cq\0~\0Gq\0~\0q\0~\0pt\0s1:sconceptsq\0~\0\0\0\0\0\0t\0Concept sub.sq\0~\0?@\0\0\0\0\0w\0\0\0\0\0\0\0xq\0~\0gq\0~\0Gq\0~\0Xq\0~\0Ypt\0\rs:issueStatussq\0~\0\0\0\0\0\0t\0Statussq\0~\0?@\0\0\0\0\0w\0\0\0\0\0\0\0xq\0~\0kq\0~\0Gq\0~\0mt\0@http://icep.fzi.de/eventrepresentation1.0/icepEventScheme#Statuspxt\0Bhttp://icep.fzi.de/eventrepresentation1.0/icepEventScheme#NewIssuesq\0~\0t\0\rTwitterSourceq\0~\0sq\0~\0?@\0\0\0\0\0w\0\0\0\0\0\0\0xt\0Ahttp://icep.fzi.de/eventrepresentation1.0/icepEventScheme#Twitterq\0~\0Aq\0~\0sq\0~\0?@\0\0\0\0\0w\0\0\0\0\0\0q\0~\0#sq\0~\0\0\0\0\0\0t\0	New Issuesq\0~\0?@\0\0\0\0\0w\0\0\0\0\0\0\0xq\0~\0#pq\0~\0q\0~\0pt\0seqIDsq\0~\0\0\0\0\0\0t\0Ordersq\0~\0?@\0\0\0\0\0w\0\0\0\0\0\0\0xq\0~\0ypt\0integert\0(http://www.w3.org/2001/XMLSchema#integerpxq\0~\0pq\0~\0xt\0ANDq\0~\0sr\07icep.panteon.client.designer.eventoperator.OperatorType\0\0\0\0\0\0\0\0L\0	localNameq\0~\0L\0	nameSpaceq\0~\0L\0\npropertiesq\0~\0L\0typeOfq\0~\0xpt\0LogicalOperatorq\0~\0sq\0~\0?@\0\0\0\0\0w\0\0\0\0\0\0t\0\ntimeWindowsr\0<icep.panteon.client.designer.eventoperator.PropertyContainer\0\0\0\0\0\0\0\0Z\0autoCompleteL\0_defaultq\0~\0L\0	displayAsq\0~\0L\0propertyNameq\0~\0L\0propertyOperatorq\0~\0L\0\rtypeLocalNameq\0~\0L\0typeOfq\0~\0L\0valueq\0~\0xp\0pt\0Withinq\0~\0„q\0~\0Gt\0doublet\0\'http://www.w3.org/2001/XMLSchema#doublept\0countWindowsq\0~\0…\0pt\0Countq\0~\0Šq\0~\0Gq\0~\0}q\0~\0~pxt\0Ihttp://icep.fzi.de/eventrepresentation1.0/icepEventScheme#LogicalOperatorsq\0~\0<\0\0\0w\0\0\0\nsq\0~\00\0\0\0\0\0\0\0\0\0\0sq\0~\06\0\0\0sq\0~\06\0\0\0q\0~\0q\0~\0sq\0~\0<\0\0\0w\0\0\0\nsq\0~\0>\0\0\0\0\0\0\0\0\0\0\n\0\0sq\0~\0q\0~\0Aq\0~\0sq\0~\0?@\0\0\0\0\0w\0\0\0\0\0\0	q\0~\0Csq\0~\0\0\0\0\0\0q\0~\0Esq\0~\0?@\0\0\0\0\0w\0\0\0\0\0\0\0xq\0~\0Cq\0~\0Gq\0~\0Eq\0~\0Hpq\0~\0Isq\0~\0\0\0\0\0\0q\0~\0Ksq\0~\0?@\0\0\0\0\0w\0\0\0\0\0\0\0xq\0~\0Iq\0~\0Gq\0~\0Mq\0~\0Npq\0~\0Osq\0~\0\0\0\0\0\0q\0~\0Qsq\0~\0?@\0\0\0\0\0w\0\0\0\0\0\0\0xq\0~\0Oq\0~\0Gq\0~\0Qq\0~\0Spq\0~\0Tsq\0~\0\0\0\0\0\0q\0~\0Vsq\0~\0?@\0\0\0\0\0w\0\0\0\0\0\0\0xq\0~\0Tq\0~\0Gq\0~\0Xq\0~\0Ypq\0~\0Zsq\0~\0\0\0\0\0\0q\0~\0\\sq\0~\0?@\0\0\0\0\0w\0\0\0\0\0\0\0xq\0~\0Zq\0~\0Gq\0~\0Mq\0~\0Npq\0~\0^sq\0~\0\0\0\0\0\0q\0~\0`sq\0~\0?@\0\0\0\0\0w\0\0\0\0\0\0\0xq\0~\0^q\0~\0Gq\0~\0`q\0~\0bpq\0~\0csq\0~\0\0\0\0\0\0q\0~\0esq\0~\0?@\0\0\0\0\0w\0\0\0\0\0\0\0xq\0~\0cq\0~\0Gq\0~\0q\0~\0pq\0~\0gsq\0~\0\0\0\0\0\0q\0~\0isq\0~\0?@\0\0\0\0\0w\0\0\0\0\0\0\0xq\0~\0gq\0~\0Gq\0~\0Xq\0~\0Ypq\0~\0ksq\0~\0\0\0\0\0\0q\0~\0msq\0~\0?@\0\0\0\0\0w\0\0\0\0\0\0\0xq\0~\0kq\0~\0Gq\0~\0mq\0~\0opxq\0~\0psq\0~\0q\0~\0rq\0~\0sq\0~\0?@\0\0\0\0\0w\0\0\0\0\0\0\0xt\0Ghttp://icep.fzi.de/eventrepresentation1.0/icepEventScheme#TwitterSourcet\0\rModifiedIssueq\0~\0sq\0~\0?@\0\0\0\0\0w\0\0\0\0\0\0q\0~\0#sq\0~\0\0\0\0\0\0t\0Modified Issuesq\0~\0?@\0\0\0\0\0w\0\0\0\0\0\0\0xq\0~\0#pq\0~\0q\0~\0pq\0~\0ysq\0~\0\0\0\0\0\0q\0~\0{sq\0~\0?@\0\0\0\0\0w\0\0\0\0\0\0\0xq\0~\0ypq\0~\0}q\0~\0~pxt\0Ghttp://icep.fzi.de/eventrepresentation1.0/icepEventScheme#ModifiedIssuext\0NOTq\0~\0sq\0~\0€q\0~\0‚q\0~\0sq\0~\0?@\0\0\0\0\0w\0\0\0\0\0\0\0xq\0~\0sq\0~\0<\0\0\0w\0\0\0\nq\0~\05xsq\0~\0?@\0\0\0\0\0w\0\0\0\0\0\0q\0~\0#sq\0~\0…\0pq\0~\0³q\0~\0#pq\0~\0q\0~\0pxt\0=http://icep.fzi.de/eventrepresentation1.0/icepEventScheme#NOTsq\0~\0?@\0\0\0\0\0w\0\0\0\0\0\0\0xxsq\0~\0?@\0\0\0\0\0w\0\0\0\0\0\0q\0~\0#sq\0~\0…\0pq\0~\0q\0~\0#pq\0~\0q\0~\0pxt\0=http://icep.fzi.de/eventrepresentation1.0/icepEventScheme#ANDsq\0~\0?@\0\0\0\0\0w\0\0\0\0\0\0\0x'),('a965F68ECF48A4D14BCC755481FD1E288','Test','Test',0000,NULL),('K728521F-DBFB-499A-A18C-364F5141E923','newname','asfaf',0000,NULL),('K728521F-DBFB-499A-A18C-364F5141E924','Test Pattern','test pattern',0000,NULL);
/*!40000 ALTER TABLE `patterntb` ENABLE KEYS */;
UNLOCK TABLES;

--
-- Table structure for table `subscriptiontb`
--

DROP TABLE IF EXISTS `subscriptiontb`;
/*!40101 SET @saved_cs_client     = @@character_set_client */;
/*!40101 SET character_set_client = utf8 */;
CREATE TABLE `subscriptiontb` (
  `KeyID` int(8) unsigned NOT NULL AUTO_INCREMENT,
  `PatternID` varchar(108) NOT NULL,
  `UID` varchar(255) NOT NULL,
  `Date` timestamp NULL DEFAULT CURRENT_TIMESTAMP,
  `Action` bigint(20) NOT NULL,
  PRIMARY KEY (`KeyID`),
  KEY `FK_actiontb` (`UID`),
  KEY `FK_actiontb_PID` (`PatternID`),
  KEY `FK_actiontb_actionID` (`Action`),
  CONSTRAINT `FK_actiontb_actionID` FOREIGN KEY (`Action`) REFERENCES `actiontb` (`ActionID`) ON DELETE CASCADE ON UPDATE CASCADE,
  CONSTRAINT `FK_actiontb_PID` FOREIGN KEY (`PatternID`) REFERENCES `patterntb` (`PatternID`) ON DELETE CASCADE ON UPDATE CASCADE,
  CONSTRAINT `FK_subscriptiontb` FOREIGN KEY (`UID`) REFERENCES `usertb` (`uid`) ON DELETE CASCADE ON UPDATE CASCADE
) ENGINE=InnoDB AUTO_INCREMENT=32 DEFAULT CHARSET=utf8;
/*!40101 SET character_set_client = @saved_cs_client */;

--
-- Dumping data for table `subscriptiontb`
--

LOCK TABLES `subscriptiontb` WRITE;
/*!40000 ALTER TABLE `subscriptiontb` DISABLE KEYS */;
INSERT INTO `subscriptiontb` VALUES (1,'4FEBD485-B2FC-41C7-9943-0B92CE351A43','3','2012-03-21 12:27:11',3),(4,'K728521F-DBFB-499A-A18C-364F5141E923','3','2012-03-21 14:58:03',3),(7,'a965F68ECF48A4D14BCC755481FD1E288','3','2012-03-30 16:01:54',3),(8,'a965F68ECF48A4D14BCC755481FD1E288','3','2012-03-30 16:01:54',1),(9,'a965F68ECF48A4D14BCC755481FD1E288','3','2012-03-30 16:01:54',2),(10,'4FEBD485-B2FC-41C7-9943-0B92CE351A43','2','2012-04-03 12:23:47',3),(12,'97696FAD-1BF2-4477-AC5E-28EB27231D62','2','2012-04-03 12:24:06',3),(13,'97696FAD-1BF2-4477-AC5E-28EB27231D62','2','2012-04-03 12:24:06',1),(14,'97696FAD-1BF2-4477-AC5E-28EB27231D62','2','2012-04-03 12:24:06',2),(15,'8304D130-8DC5-43E5-A405-29BDCC115698','2','2012-04-03 12:24:11',3),(16,'8304D130-8DC5-43E5-A405-29BDCC115698','2','2012-04-03 12:24:11',1),(17,'8304D130-8DC5-43E5-A405-29BDCC115698','2','2012-04-03 12:24:11',2),(18,'a965F68ECF48A4D14BCC755481FD1E288','2','2012-04-03 12:24:16',3),(19,'a965F68ECF48A4D14BCC755481FD1E288','2','2012-04-03 12:24:16',1),(20,'a965F68ECF48A4D14BCC755481FD1E288','2','2012-04-03 12:24:16',2),(23,'K728521F-DBFB-499A-A18C-364F5141E924','1','2012-06-27 08:31:58',3),(24,'K728521F-DBFB-499A-A18C-364F5141E924','1','2012-06-27 08:31:58',2),(27,'a965F68ECF48A4D14BCC755481FD1E288','1','2012-06-27 13:59:57',3),(28,'a965F68ECF48A4D14BCC755481FD1E288','1','2012-07-06 14:18:47',2),(29,'K728521F-DBFB-499A-A18C-364F5141E924','2','2012-08-15 14:02:24',3),(30,'K728521F-DBFB-499A-A18C-364F5141E924','2','2012-08-15 14:02:24',1),(31,'K728521F-DBFB-499A-A18C-364F5141E924','2','2012-08-15 14:02:24',2);
/*!40000 ALTER TABLE `subscriptiontb` ENABLE KEYS */;
UNLOCK TABLES;

--
-- Table structure for table `usertb`
--

DROP TABLE IF EXISTS `usertb`;
/*!40101 SET @saved_cs_client     = @@character_set_client */;
/*!40101 SET character_set_client = utf8 */;
CREATE TABLE `usertb` (
  `Username` char(50) NOT NULL,
  `Email` varchar(50) NOT NULL,
  `MessageAccount` varchar(255) DEFAULT NULL,
  `LastDate` timestamp NULL DEFAULT CURRENT_TIMESTAMP,
  `uid` varchar(255) NOT NULL,
  `unreadmsg` varchar(1024) DEFAULT '0',
  PRIMARY KEY (`uid`),
  KEY `uid` (`uid`)
) ENGINE=InnoDB DEFAULT CHARSET=utf8;
/*!40101 SET character_set_client = @saved_cs_client */;

--
-- Dumping data for table `usertb`
--

LOCK TABLES `usertb` WRITE;
/*!40000 ALTER TABLE `usertb` DISABLE KEYS */;
INSERT INTO `usertb` VALUES ('shenwei','shenwei.zheng@hotmail.com','shenwei.zheng.kit@googlemail.com','2011-11-11 16:04:15','1','0'),('yan','besifany@hotmail.com','biyan727@gmail.com','2011-07-21 10:41:15','2','0'),('beibei','cibobo2005@hotmail.com','cibobo2005@googlemail.com','2011-07-21 10:41:25','3','0,87,88,91,92,93,94,95,96,97'),('defaultuser','default@hotmail.com','default@gmail.com','2011-11-11 16:23:45','4','0'),('junma','junma@fzi.de','junma@fzi.de','2012-01-18 15:27:30','5','0');
/*!40000 ALTER TABLE `usertb` ENABLE KEYS */;
UNLOCK TABLES;
/*!40103 SET TIME_ZONE=@OLD_TIME_ZONE */;

/*!40101 SET SQL_MODE=@OLD_SQL_MODE */;
/*!40014 SET FOREIGN_KEY_CHECKS=@OLD_FOREIGN_KEY_CHECKS */;
/*!40014 SET UNIQUE_CHECKS=@OLD_UNIQUE_CHECKS */;
/*!40101 SET CHARACTER_SET_CLIENT=@OLD_CHARACTER_SET_CLIENT */;
/*!40101 SET CHARACTER_SET_RESULTS=@OLD_CHARACTER_SET_RESULTS */;
/*!40101 SET COLLATION_CONNECTION=@OLD_COLLATION_CONNECTION */;
/*!40111 SET SQL_NOTES=@OLD_SQL_NOTES */;

-- Dump completed on 2012-08-16 17:59:20
